{"stat.walkOneCm":142237,"stat.useItem.24":2,"stat.ae2.ItemsInserted":1074,"stat.jump":203,"stat.swimOneCm":604,"stat.ae2.ItemsExtracted":130,"achievement.exploreAllBiomes":{"value":0,"progress":["Sky","MushroomIsland"]},"achievement.openInventory":374,"stat.damageTaken":2147483643,"stat.useItem.8":5,"stat.useItem.54":2,"stat.useItem.10":1,"stat.flyOneCm":53396,"stat.useItem.7":11,"stat.deaths":5,"stat.drop":9,"stat.useItem.50":12,"stat.useItem.145":1,"stat.craftItem.112":12,"stat.playOneMinute":313967,"stat.useItem.4":42,"stat.useItem.270":3,"stat.useItem.58":2}